G4G/X25/S/22/D/,3,B -
None found
None found
None found
4G/X25/S/22/D/,BAM 1 -
None found
None found
None found
None found
None found
,1D EEF 0014,S2031-140014,8/440.2031-140014,4440.2031-,U B/449.2031-140014,U 97440.2031-140014,X1.5-V1.7-21.7,PES I,X3-Y3-ZA5,4GJX1.5/S/23
None found
None found
None found
None found
GD 2-0,DEES 01,B/440.2031-140014,7 8/449.2031- 740014,B/449.2031-140014,B/446.2031-1,H /440.2031-140014,4G/X3.5/S/23,X3-V3-ZA5,4G/X1.5/S/23,4G/X3/3/23
4G/Y22/S/22/D/BAM 4679-AE2
None found
None found
None found
4 4G/Y22/S/22/D/BAM 4679-AE2
None found
None found
None found
None needed
None needed
None needed
None needed
None needed
None needed
None needed
None needed
None needed
None needed
None needed
None needed
None needed
None needed
None needed
None needed
8 4G/Y22/S/22/D/BAM 4679-AE2
None found
None found
None found
None needed
None needed
None needed
None needed
None found
None found
None found
SOETRTETMI ROY,HS SOCESETE MIRED,SOT ANID
None found
None found
None found
None found
None needed
None needed
None needed
None needed
None found
None found
None found
None found
G4G/X25/S/22/D/,BAM 15 -
None found
None found
None found
None needed
None needed
None needed
None needed
None needed
None needed
None needed
None needed
None found
None found
None found
None found
None found
4G/Y30/S/22/D/BAM 5860-
None found
Q 4G/Y30/S/22/D/BAM 5860-W
4G/X10/S/ 23 /D/,
None found
None found
None found
None needed
None needed
None needed
None needed
8 4G/Y22/S/22/D/BAM 4679-AE2
None found
None found
None found
G4G/X25/S/22/D/,BAM 15879-WEBI
None found
None found
None found
4 4G/X25/S/22/D/,BAM 15879-WEBI
None found
None found
None found
4G /X25/S/22/D/,BAM 15879-WEBI
None found
None found
None found
4G/X25/S/22/D/,BAM 15879-WEBI
None found
None found
None found
None found
None found
None found
None found
4G/X25/S/22/D/,BAM 15879-WEBI
None found
None found
None needed
None needed
None needed
None needed
None needed
None needed
None needed
None needed
None needed
None needed
None needed
None needed
None needed
None needed
None needed
None needed
None needed
None needed
None needed
None needed
None needed
None needed
None needed
None needed
None found
K 4G/X19/S/22/D/,B .
None found
None found
None found
None found
None found
,CJ S 140016,Y .2 A 7,40N-2081-140014,,U /4.2031-1400 14,4Q/K/E/Z5,/440.2031-140014,4G/Y55/S/23,G/X1.5/S/23
None found
None found
B/449.2031-140014,CH .201-140014,5/440.2031-140014,8/440.203 1-140014,B/449.2031-140014,B/440.2031-140014,4G/V1.3/8/23,4G/X3/S/23,X3-V3-Z2Z45,A/X3/S/22,4G/X1.5/S/23
None found
None found
None found
None found
None found
None found
None found
None found
None found
None needed
None needed
None needed
None needed
None needed
None needed
None needed
None needed
None needed
None needed
None needed
None needed
None found
None found
None found
None found
None found
None found
S/22/D/BAM 4679-AE2
None found
None found
4G/X10/S/ 23 /D/,
None found
None found
None needed
None needed
None needed
None needed
None found
None found
4G/Y30/S/22/D/BAM 5860-WEBI
None found
W 4G/Y30/S/22/D/BAM 5860-WEBI
S/22/D/BAM 4679-AE2
None found
None found
None needed
None needed
None needed
None needed
None needed
None needed
